{
    "host": 23.194300300131832,
    "unknown":  68.73179273672949,
    "bacterial": 7.988555720737146,
    "archaeal": 0.005209230756901229,
    "viral": 0
}